name,completed_three_laps,laps_completed,total_time_s,elapsed_s,collisions,danger,weave,sharp_steer,stops,original_score,straight_bonus,smooth_score,straight_fraction,straight_distance_cm,travel_distance_cm,steering_total_variation_deg,min_clearance_cm,rate,jerk,tau,band,turn_start,turn_handle,steer_rate,turn_release,escape_start,escape_handle,cap,gain,center,filter,sha256
smooth_001,False,0,,154.2,0,1,0,0,0,-174.2,0,-174.2,0.7213685812653647,2700.513056436691,3743.5967223574885,1034.8817476942404,3.270522,100,800,0,0,,,,,,,,,,,9cc124f2fc1dbaad8e212856bcd5d1a3b0c862ae713c7866e3dd623a482faa68
smooth_002,False,0,,54.5,0,0,0,0,1,-154.5,0,-154.5,0.6937806017667106,843.9100554197142,1216.3932708275488,344.19032341490123,15.236201,100,800,0.04,0,,,,,,,,,,,66828404f28f10983df6be102f7a963755f0cf48154a0120efff9ec0152c4a0a
smooth_003,False,0,,54.05,0,0,0,0,1,-154.05,0,-154.05,0.6739142644719679,808.046153550452,1199.034055442617,366.50982953080245,13.95173,100,1600,0,0,,,,,,,,,,,6f72952243d569cd4bc7c37d29bed7695b34d3571ed9554b1cb5b5cb426da4da
smooth_004,False,0,,54.05,0,0,0,0,1,-154.05,0,-154.05,0.6717145885593601,805.4070477561463,1199.0316445017506,365.27696900365675,13.91305,100,1600,0.04,0,,,,,,,,,,,62a3b3c06c13366a0b599254a38f8976d5914fd3412dd1b043c744e75ef1fda4
smooth_005,False,0,,53.95,0,0,0,0,1,-153.95,0,-153.95,0.6711393072332114,802.4251273209965,1195.616347713285,364.17985384225267,13.500192,100,3200,0,0,,,,,,,,,,,bd377422f9667e0213d6efb0df347c5dc560eaceba4c16e354005277eaa53800
smooth_006,False,0,,53.95,0,0,0,0,1,-153.95,0,-153.95,0.6722489153559195,803.7904886496192,1195.6739093049418,363.6608024477626,13.489968,100,3200,0.04,0,,,,,,,,,,,7bcf585c0183ca2b99b6bd705489551f3bf3e8d4d202dea029908518a7403bf7
smooth_007,False,1,,277.891667,1,1,1,0,0,-807.891667,0,-807.891667,0.6881833032738643,4899.502888378611,7119.473641790522,2032.43685900474,0.13917,120,800,0,0,,,,,,,,,,,a3f3b607df6b46949fcc1d34add0286a03218fed71d48fdf4b44028603a808f5
smooth_008,False,0,,149.425,1,1,0,0,0,-669.425,0,-669.425,0.6961936159629375,2610.866775164553,3750.2021209334744,1071.725637185916,0.021253,120,800,0.04,0,,,,,,,,,,,c77c1cffcb3d15468f7b92de4dc19e77a52cc23259b4444fe69e4b5a723e4bf0
smooth_009,False,0,,112.2,0,1,1,0,0,-142.2,0,-142.2,0.6700622202690696,1787.6546701395425,2667.8935419186796,666.8695155460825,9.55654,120,1600,0,0,,,,,,,,,,,726a7f3be601230d20c8e3e32668085a3f2e7de434db8e7664ae719ad052eebf
smooth_010,False,0,,53.95,0,0,0,0,1,-153.95,0,-153.95,0.673042393461194,806.4060340886297,1198.1504314187382,365.45238190365467,11.882464,120,1600,0.04,0,,,,,,,,,,,c464cf1fa0b00497b9ec90a30a6e7d828fff849621cee957c9b5a4de979fe63d
smooth_011,False,1,,251.15,0,2,6,0,0,-351.15,0,-351.15,0.6646055382288414,4087.4251054720435,6150.152038102087,1813.4340752381856,7.250987,120,3200,0,0,,,,,,,,,,,34586651512b368ff0b171a4fc34faa3d3e52a23f31870540392008450fe9740
smooth_012,False,0,,54.0,0,0,0,0,1,-154.0,0,-154.0,0.6705502247711801,802.2873785834669,1196.4612775385185,363.580159710003,13.617063,120,3200,0.04,0,,,,,,,,,,,658e2b2656b8a865ede078a50441287cf93ea11207dba4db5688d04e08c3bf49
smooth_013,False,0,,153.15,0,1,1,0,0,-183.15,0,-183.15,0.7194069801818234,2642.1908018464023,3672.7344530054647,1285.3358082253835,2.827451,140,800,0,0,,,,,,,,,,,ad6d20bb4f6290f0f50bba3d4148b704fd8a6a674fa5627407b7878d42778ba7
smooth_014,False,0,,149.425,1,1,0,0,0,-669.425,0,-669.425,0.6961936159629375,2610.866775164553,3750.2021209334744,1071.725637185916,0.021253,140,800,0.04,0,,,,,,,,,,,ab801e5f27cbf6cb769b28741d64b3ceabd4608ed668bb38619aff14c9293b45
smooth_015,False,0,,112.2,0,1,1,0,0,-142.2,0,-142.2,0.67031624559276,1784.2800092273264,2661.848076872267,694.5454272645804,5.612377,140,1600,0,0,,,,,,,,,,,269dee49aa1371a3b951cc477b9c3309067f7bfceaa1e3b33fee73d2ef6e4111
smooth_016,False,0,,53.8,0,0,0,0,1,-153.8,0,-153.8,0.6769236771792434,807.7957373428794,1193.3335538047404,365.44695192828453,16.336204,140,1600,0.04,0,,,,,,,,,,,499754543171a3b6c177b88995fe4be940e1310adb06173d41d6f63dd0caf75a
smooth_017,False,0,,112.8,0,1,1,0,0,-142.8,0,-142.8,0.665118554105309,1774.7833827065413,2668.3714831770244,701.2430310003404,8.437588,140,3200,0,0,,,,,,,,,,,ebff87ab8c6b73a0949285c9c317f1cd10c56b032323f9a1cc4455e34e0b6d18
smooth_018,False,0,,54.0,0,0,0,0,1,-154.0,0,-154.0,0.6705502247711801,802.2873785834669,1196.4612775385185,363.580159710003,13.617063,140,3200,0.04,0,,,,,,,,,,,2e0f7bc63039824acca8b751be9091e390f0cfd74b392740726dc37f4c26db75
smooth_019,False,0,,112.2,0,1,1,0,0,-142.2,0,-142.2,0.6747840018307097,1800.2258661694477,2667.8549895750043,677.6345043353954,8.51882,120,1600,0,0.5,,,,,,,,,,,a98b7daf59fe2cffeba23f6d7bddeebbcd22b1dca344e837f8581aebb6363290
smooth_020,False,0,,112.1,0,1,1,0,0,-142.1,0,-142.1,0.6741774944129784,1796.3281058238117,2664.473555866642,674.3166795561989,9.123299,120,1600,0,1,,,,,,,,,,,f22cb2efc65861b29bcd84b6967286ff5ba03e650e5069bf06224288565e7f85
smooth_021,False,0,,112.05,0,1,1,0,0,-142.05,0,-142.05,0.6766561223790852,1805.7803987200432,2668.6825685859753,669.9249622878312,8.314992,120,1600,0,2,,,,,,,,,,,f8e966c5414b35052b3853c2ca995e29ecfcd23df77ff8980e569052cd8e1174
smooth_022,False,0,,111.95,0,1,1,0,0,-141.95,0,-141.95,0.6817263691579938,1816.420334342375,2664.441946973317,654.486219359895,6.631782,120,1600,0,3,,,,,,,,,,,636ad0e2b1f38f3fc9b703e7926d3f5dac8a59cc2af859eec61de4c49a7d0a97
smooth_023,False,0,,113.75,0,1,0,0,0,-133.75,0,-133.75,0.6522926992928243,1768.26611415724,2710.8476241943004,644.5162590599075,6.453766,,,,,145,90,120,185,,,,,,,6a8265944c22fbfa74c9bcd77a9fdf1a5b8bffcc1f833e2b1e4072395d52062a
smooth_024,False,0,,54.5,0,0,0,0,1,-154.5,0,-154.5,0.7302017636840635,885.3249588065199,1212.4388118974382,351.3919864253857,16.140045,,,,,145,90,140,185,,,,,,,340d89179448752824be802df9fca1e386899e4d971e793b8fe27b87b7078687
smooth_025,False,0,,107.833333,1,1,0,0,0,-627.833333,0,-627.833333,0.6755997483090947,1826.7504919134983,2703.894571431573,620.8801574935102,0.07412,,,,,145,95,120,185,,,,,,,190358751760d7d6ae5740f9e8854f356740f29cf80620486677bda08b53fdf6
smooth_026,False,0,,54.45,0,0,0,0,1,-154.45,0,-154.45,0.7396198454658595,895.1628724029162,1210.3013161296203,366.60611953331454,17.065855,,,,,145,95,140,185,,,,,,,e9827a38cec5f7d9fdad0c5bb4b457906d23d02d2d88e65dfe30c48cf98e187c
smooth_027,False,0,,54.25,0,0,0,0,1,-154.25,0,-154.25,0.7051446606459898,850.7207451910432,1206.448538391668,396.9316820645209,13.968802,,,,,145,100,120,185,,,,,,,c38f58d9f7c167ea0f7a1d352d5af755a110bcb000108855c7da277a6165d182
smooth_028,False,1,,252.5,0,2,1,0,0,-302.5,0,-302.5,0.666201835518328,4133.2866300705355,6204.2558421573485,1854.654885693237,6.305951,,,,,145,100,140,185,,,,,,,72a30ddeec5aa005567d51e9112b63ae1d6d675a495314bb90ee79b89bb9840a
smooth_029,False,0,,73.85,0,0,0,0,0,-73.85,0,-73.85,0.6857371145008638,1159.2443939155212,1690.5084607522158,535.2327527795183,10.049237,,,,,150,90,120,185,,,,,,,93b723fcdb02557a989a4ed40fbba14deefafa4c27bef2a1cea1a5a21f4cdcba
smooth_030,False,0,,153.4,0,1,0,0,0,-173.4,0,-173.4,0.7369395086109618,2742.6542683204657,3721.6816798030327,1136.0625466064391,4.104901,,,,,150,90,140,185,,,,,,,f0c1f1f13577986173133f7243bd664637027b2143580c552a245762d0640a08
smooth_031,False,0,,112.3,0,1,0,0,0,-132.3,0,-132.3,0.6739621861957173,1800.3771906728641,2671.3326467696484,636.3813634868951,9.669784,,,,,150,95,120,185,,,,,,,2d490d5a5722092066b407cc3616d4fd5c1d27763af71456c96f37183334dcdb
smooth_032,False,0,,73.95,0,0,0,0,0,-73.95,0,-73.95,0.6893654951394985,1158.229962168095,1680.1391574345014,559.3445936367851,11.280309,,,,,150,95,140,185,,,,,,,277265efd002cf685953fb215f5dcdc878658a1adafa7b393c52ff081e2e9b50
smooth_033,False,1,,249.25,0,0,4,0,1,-389.25,0,-389.25,0.6391899019602673,3927.815431950901,6144.989806480169,1891.8804226391574,10.566197,,,,,150,100,120,185,,,,,,,d078e434e45e6141781fdbe0c9a04d27fc6abf5918601ae4cfba73a47026a13c
smooth_034,True,3,395.417102,395.45,0,0,9,0,0,514.55,194.999686,709.549686,0.64999895362063,6665.906044378522,10255.256577334521,3229.314444667218,15.759726,,,,,150,100,140,185,,,,,,,2977f1ba98c4d0ae740174d5fde2ab18f323e50cdca9ece5f066fff0dc2a1702
smooth_035,False,0,,152.6,0,1,0,0,0,-172.6,0,-172.6,0.6938046549099414,2579.8855332772528,3718.460974598293,1108.4667079348535,2.888759,,,,,155,90,120,185,,,,,,,626a13f709d8e909bbbd5f7ec050b2c5fab948e2b171182a6e1656eb1fe2a01a
smooth_036,False,0,,111.75,0,1,0,0,0,-131.75,0,-131.75,0.6216659655966003,1649.461333520078,2653.292000531384,680.072750190966,8.011278,,,,,155,90,140,185,,,,,,,0dfbefb1643f975d0cb9c000a12aa933465b8cb96909d293826b944f86b3208c
smooth_037,False,0,,53.6,0,0,0,0,1,-153.6,0,-153.6,0.7297372059957268,874.428110605112,1198.2780971294378,359.181647411008,17.390792,,,,,155,95,120,185,,,,,,,ab6502afe37037615caadfae17cd2cf2b3f5c6dc993b4c472d2f6876cbecfa8b
smooth_038,False,0,,112.65,0,1,0,0,0,-132.65,0,-132.65,0.6294615759250367,1678.3103793460639,2666.2634282000013,736.3539505349297,6.000376,,,,,155,95,140,185,,,,,,,5879f6dc741a5f48944edf0ff48020255bf69aedcb36da0bb45879c78bc26c1a
smooth_039,False,0,,106.275,1,1,0,0,0,-626.275,0,-626.275,0.6662268358524879,1765.8703352685477,2650.5541960179107,683.6458184793031,0.161936,,,,,155,100,120,185,,,,,,,5f3f415cdb4b1bc9fc9c424bc67da9f157a84001df0481f71f511b0c5a22db42
smooth_040,False,0,,111.85,0,1,1,0,0,-141.85,0,-141.85,0.6526357669121622,1725.7974237181948,2644.3500513058284,743.9902575519214,3.514599,,,,,155,100,140,185,,,,,,,1f404f611c6ab53edc06a480971e815060a6b353b43a76d0ab3c893afa41823d
smooth_041,False,0,,150.65,0,0,1,0,1,-260.65,0,-260.65,0.6840648392861278,2508.4881093461663,3667.0326631083085,1143.7539774108427,10.373305,,,,,160,90,120,185,,,,,,,c732d43d418070329eb55ada1715177b2297ab972f6ba1a0eb02ec962aa977e0
smooth_042,False,0,,111.7,0,1,0,0,0,-131.7,0,-131.7,0.6451619325267488,1718.5726780729844,2663.7849994376897,697.4344995676028,0.698961,,,,,160,90,140,185,,,,,,,7abed0f9ece4a29e322e75001f9525c6ce217123d7cf91461292b9e68edc62db
smooth_043,False,0,,248.65,0,1,3,0,0,-298.65,0,-298.65,0.6374170976060186,3890.1348250364576,6102.965922387153,1973.843228993735,0.447166,,,,,160,95,120,185,,,,,,,fc1a338a5a52464ceb6d79ae25b21cec40340da543bbc9180f2e46a97d6a735a
smooth_044,False,0,,53.25,0,1,0,0,0,-73.25,0,-73.25,0.7362960267549157,873.6903425006404,1186.6020061947963,330.6561214229233,2.209544,,,,,160,95,140,185,,,,,,,7b6668cc236e25419f8ba7ec77cd08e87c87e917f29f1f3ee0ea6e42f8aa46d0
smooth_045,False,0,,105.133333,1,1,0,0,0,-625.133333,0,-625.133333,0.6854867771262355,1806.2796741859258,2635.032117991229,710.2150800366508,0.029918,,,,,160,100,120,185,,,,,,,b81e356f15b48c4b09af1826928b58d04b979dfb9d83947faa9cff0582026489
smooth_046,False,0,,53.25,0,1,0,0,1,-173.25,0,-173.25,0.7421215539855661,881.3704551618356,1187.636244262726,334.74775187478053,3.289475,,,,,160,100,140,185,,,,,,,6ac37062f010f325209958765824f6264fbbf144a4ea783cbb1101ce4df94dc3
smooth_047,False,0,,107.941667,1,1,0,0,0,-627.941667,0,-627.941667,0.680035372479275,1826.0815850871625,2685.274412167162,752.2491596439908,0.082129,,,,,150,100,140,175,,,,,,,0961a15b3c0e18be701bae5669ccfbf32a161818aaaab1d1021bd0e588c9dfd0
smooth_048,False,0,,110.233333,1,1,0,0,0,-630.233333,0,-630.233333,0.621627086841298,1721.029921833191,2768.5890114253853,812.5864862032912,0.123401,,,,,150,100,140,180,,,,,,,8e13e483c7420b2f38d073013e3c3ff00282cd6a5116cc6f236172ad8d030f41
smooth_049,False,0,,53.8,0,1,0,0,0,-73.8,0,-73.8,0.7507543570660054,908.718789478888,1210.4076132574407,327.9499630696704,2.310117,,,,,150,100,140,190,,,,,,,8a21264d0c29f2770d50eb9c9d43a4d5cc344d58929f50dce5bc0b6aa3e7b9bd
smooth_050,False,0,,74.4,0,1,0,0,0,-94.4,0,-94.4,0.7064984580667055,1195.498644135666,1692.1461476463553,579.8357118776311,0.360558,,,,,150,100,140,195,,,,,,,7cf276cf2f9a359e87dc1f7fd88271a5131f785d3aa9ebc2ff9e6c58748a07f8
smooth_051,False,0,,54.05,0,0,0,0,1,-154.05,0,-154.05,0.6739142644719679,808.046153550452,1199.034055442617,366.50982953080245,13.95173,,,,,150,,,,45,70,,,,,6f72952243d569cd4bc7c37d29bed7695b34d3571ed9554b1cb5b5cb426da4da
smooth_052,False,0,,151.85,0,1,1,0,0,-181.85,0,-181.85,0.6651868259365668,2436.819168798639,3663.3605383986032,1157.972815001115,4.24004,,,,,160,,,,45,70,,,,,958c04046d6d39a0507d12ec2e4fa6eabdb345802837ebb3c4ad59c95d4852b5
smooth_053,False,0,,53.65,0,0,0,0,1,-153.65,0,-153.65,0.6717965687248488,797.2449889521655,1186.7357263604858,372.771848447692,14.825817,,,,,150,,,,45,80,,,,,976d4fc7f22c9fcbf92dac37ad96af01c548a473d75784585a64ee08991a74cf
smooth_054,False,0,,151.15,0,1,1,0,0,-181.15,0,-181.15,0.6735390458245731,2458.618555272533,3650.2984801164644,1155.6978455000067,0.950814,,,,,160,,,,45,80,,,,,36d0e0b66e53abebdceefae6bd23144d23270b4b60069b2806d6df90a438163a
smooth_055,False,0,,53.65,0,0,0,0,1,-153.65,0,-153.65,0.6717965687248488,797.2449889521655,1186.7357263604858,372.771848447692,14.825817,,,,,150,,,,45,90,,,,,a65af8e5c0d85623b6cb2e208d54abb79e2e0c0e85bcaa8f4b6697c188995fd7
smooth_056,False,0,,146.916667,1,1,1,0,0,-676.916667,0,-676.916667,0.6657001425772204,2434.633316131087,3657.2522077365675,1205.6912981187083,0.086803,,,,,160,,,,45,90,,,,,b050cbb52c03fc3804281c7457a08e7ae42ed2f83b7038fef8fdb94c6fb4e281
smooth_057,False,0,,53.65,0,0,0,0,1,-153.65,0,-153.65,0.6741505631716329,799.4116490177553,1185.8058016844407,366.41068869518443,14.640893,,,,,150,,,,50,70,,,,,3ede6d86878de5798945cc10e9cc20074261a3b1fa57a222dee992bfa8a658d8
smooth_058,False,0,,146.891667,1,1,1,0,0,-676.891667,0,-676.891667,0.6745125410140008,2469.0408084656433,3660.4816935707554,1169.9892111466188,0.09731,,,,,160,,,,50,70,,,,,de5c2bd8d2a54f6f2715403f94d9ff1c5b23d4f6aadd27ca27dbcd2d27b91798
smooth_059,False,0,,53.4,0,0,0,0,1,-153.4,0,-153.4,0.665494784944506,783.4253202032367,1177.2073018852652,384.6362096820529,14.975272,,,,,150,,,,50,80,,,,,edfe079b29ad67de4e850ce4ded6bafb63f0776e466ec811825101fffa0ccf8b
smooth_060,False,0,,147.625,1,1,0,0,0,-667.625,0,-667.625,0.6668976030136458,2448.3655943574295,3671.2766447105255,1201.7707086220798,0.015235,,,,,160,,,,50,80,,,,,f2ec3469bcdb95c30890f1f21a59c11711c1fe0dd4c3e0afa06e799885855b12
smooth_061,False,0,,53.95,0,0,0,0,1,-153.95,0,-153.95,0.6663454639698392,791.7252979001054,1188.1604073408103,397.8604506709874,15.05507,,,,,150,,,,50,90,,,,,32116ab6729c413c8a616bab8005783834c9b73443186188a8fa0aea14b519fa
smooth_062,False,0,,152.5,0,1,1,0,0,-182.5,0,-182.5,0.645212054642848,2359.466061315194,3656.884654179714,1237.798404930599,4.232524,,,,,160,,,,50,90,,,,,f739ac355db8b05d37ed8b294f23ebf2a36aa81a30c09c4e24b46083e56be4b6
smooth_063,False,0,,53.8,0,0,0,0,1,-153.8,0,-153.8,0.6645840490656374,785.950622885869,1182.6203532733975,392.84144037205095,15.513188,,,,,150,,,,55,70,,,,,8f41e47a964ffe2e2e521fa4602633662aace606d5175f982c9f79c1b55031ad
smooth_064,False,0,,146.966667,1,1,1,0,0,-676.966667,0,-676.966667,0.6694787402759964,2444.960813867355,3652.036527492129,1223.1227690627213,0.040758,,,,,160,,,,55,70,,,,,3c2437bfeb94c8940f335a5be4310c59f5f86701587c5453d87ae9e3d14b3ec9
smooth_065,False,0,,55.35,0,0,0,0,1,-155.35,0,-155.35,0.645476806452535,784.365948158904,1215.1729393185906,423.248017296108,12.815283,,,,,150,,,,55,80,,,,,b6f16951f4686f98178e94fa2fbb8458713c8076bb1caa27eb5b28fe877305c7
smooth_066,False,0,,149.183333,1,1,1,0,0,-679.183333,0,-679.183333,0.6636886833504367,2450.3904307133134,3692.0780663958885,1222.2576819515305,0.170919,,,,,160,,,,55,80,,,,,cafea848d69b39910b9a6ccb60814cbb06a4c52b3a238aa0bba6935b28162603
smooth_067,False,0,,54.9,0,0,0,0,1,-154.9,0,-154.9,0.6525975821216995,787.0232243239689,1205.9855045206114,427.5921268667234,14.116487,,,,,150,,,,55,90,,,,,84d87c1eb8a78c576334dc99b9b258b2913371ce2ac07884f176243a085b5fdc
smooth_068,False,0,,147.166667,1,1,1,0,0,-677.166667,0,-677.166667,0.6496288496174409,2367.371669358891,3644.1910958126464,1251.8498634152097,0.099705,,,,,160,,,,55,90,,,,,ff7c4ccf058fcdafdb895c266ca31367e20b5299c9d299f91c9d2d57e685fc59
smooth_069,False,1,,245.65,0,1,5,0,0,-315.65,0,-315.65,0.6565947365554916,3981.6068191498575,6064.0248809142795,1801.547316382517,7.524714,135,4000,,,,,,,,,14,0.45,0.05,0.08,3911e5099dded5f1083927869799f1727bc11add371ea410ebb66369bbb2734e
smooth_070,False,1,,284.9,0,1,4,0,0,-344.9,0,-344.9,0.6986541703837043,4968.040396068712,7110.872026055809,2268.609752607646,4.083416,135,4000,,,,,,,,,20,0.6,0.05,0.08,8aafbc5f0af8c205967fd809591c134aad25414053b0c15bd4041799ef6053cf
smooth_071,False,0,,120.25,0,1,2,0,0,-160.25,0,-160.25,0.6205443858123659,1691.403334978203,2725.676637560674,877.3841685842015,8.245985,135,8000,,,,,,,,,14,0.45,0.05,0.08,ec5f3edd72457e15221775bc8688aa232bf0b207fc024e06388c11959b0518b0
smooth_072,False,1,,283.6,0,1,3,0,1,-433.6,0,-433.6,0.6750179662944232,4780.500688313453,7082.0347413217405,2290.629117615671,9.576425,135,8000,,,,,,,,,20,0.6,0.05,0.08,20891ca1715c67b7730913fb19e5ab46f3c9fecbf113c6410c25c0b75c5ec4f0
smooth_073,False,1,,245.85,0,1,4,0,0,-305.85,0,-305.85,0.6587652574875272,4001.597933342671,6074.3912764987235,1815.0963785977858,8.513916,138,4000,,,,,,,,,14,0.45,0.05,0.08,25e55e70d3df174b571d6928c5c50c2c2b5d240fb4832df322b9df23bfd56821
smooth_074,False,1,,244.45,0,1,4,0,0,-304.45,0,-304.45,0.6579132910425887,4001.409370275268,6081.9707167403085,1733.7020483926258,7.677543,138,4000,,,,,,,,,20,0.6,0.05,0.08,f0a9db94127107cd78db982b87e349a1455a3b969afe7638ed3826491321116e
smooth_075,False,0,,113.35,0,1,1,0,0,-143.35,0,-143.35,0.6466956893748128,1726.8662487658473,2670.291880923591,772.0380652636143,9.000174,138,8000,,,,,,,,,14,0.45,0.05,0.08,d4dfdca60d4025c78d1dd60040583ebf3dd892a69cfe4720230956d48893a5db
smooth_076,False,2,,380.7,0,0,10,0,1,-580.7,0,-580.7,0.6523611548927122,6237.900978352955,9562.036199685808,2993.191855037191,15.659313,138,8000,,,,,,,,,20,0.6,0.05,0.08,572d762ba3e16b05cfff2673a9e58c33f475ef5cf5e72ecbbb454450eddd34da
smooth_077,False,0,,112.65,0,1,1,0,0,-142.65,0,-142.65,0.6516187644780461,1732.7390887340882,2659.1301282154323,716.2928738374264,6.97866,140,4000,,,,,,,,,14,0.45,0.05,0.08,6300392380e7e370e6fe86fd6c4abf9b9e8eeb8e07bea0ae931d40e12eb03fbc
smooth_078,False,0,,112.65,0,1,1,0,0,-142.65,0,-142.65,0.6647056223903017,1772.7249257692558,2666.9323472765022,691.9486701254023,7.722183,140,4000,,,,,,,,,20,0.6,0.05,0.08,3c2bdfc6b7652bb9c3ad4a6c514ff9f1c3e41a68daece3d0821ec42b6d1b66e8
smooth_079,True,3,399.138492,399.15,0,0,8,0,0,520.85,201.369199,722.219199,0.6712306641315348,6892.220350176722,10268.035592644079,3240.821151675077,15.786994,140,8000,,,,,,,,,14,0.45,0.05,0.08,791b3ccac4705c5b421aa2c75bdc8c9fe0a6a87ac6e3eb1c2ce77fb4e1e38b16
smooth_080,True,3,395.417102,395.45,0,0,9,0,0,514.55,194.999686,709.549686,0.64999895362063,6665.906044378522,10255.256577334521,3229.314444667218,15.759726,140,8000,,,,,,,,,20,0.6,0.05,0.08,ae5f2d86f8ef9219a49bdf656faed47fb46fd3da2a367493332823a3f74ea46f
smooth_081,False,0,,112.65,0,1,1,0,0,-142.65,0,-142.65,0.6516187644780461,1732.7390887340882,2659.1301282154323,716.2928738374264,6.97866,145,4000,,,,,,,,,14,0.45,0.05,0.08,8293a8660065d9b33af5e5c19beba692335797ed6eec40f1ce333ea22a7b3d5f
smooth_082,False,0,,112.65,0,1,1,0,0,-142.65,0,-142.65,0.6647056223903017,1772.7249257692558,2666.9323472765022,691.9486701254023,7.722183,145,4000,,,,,,,,,20,0.6,0.05,0.08,91a01fd302fbe4e83866e046e6037a9579d75666d4c29bd856d1ac27c76c4596
smooth_083,True,3,399.138492,399.15,0,0,8,0,0,520.85,201.369199,722.219199,0.6712306641315348,6892.220350176722,10268.035592644079,3240.821151675077,15.786994,145,8000,,,,,,,,,14,0.45,0.05,0.08,7b876d4ef0b4a837a7a432877f3f78c3a40b209c6700508224c84a0608a7fd68
smooth_084,True,3,395.417102,395.45,0,0,9,0,0,514.55,194.999686,709.549686,0.64999895362063,6665.906044378522,10255.256577334521,3229.314444667218,15.759726,145,8000,,,,,,,,,20,0.6,0.05,0.08,3c99480e2d32c16ff50d111dae1318a59c4b81eb0b8a4c9594705a7882fddfd4
smooth_085,False,0,,118.95,0,1,2,0,0,-158.95,0,-158.95,0.6627191001189373,1770.9662245519144,2672.2727988888223,921.1246579848229,1.081388,140,8000,,,,,,,,,14,0.45,0.04,0.08,637996deab8cf36d254a20694dcd7a37457722f21e3a9d7e86deccbf296e05dc
smooth_086,False,0,,48.0,1,1,0,0,0,-568.0,0,-568.0,0.7530257744646144,904.3950771814028,1201.014769812373,327.37806949429904,0.032789,140,8000,,,,,,,,,20,0.6,0.04,0.08,3b8859d8ff9027f97b0a64adb89bc3c03a457ecdb5ffe3d7405ca034002862bb
smooth_087,False,0,,113.7,0,0,0,0,0,-113.7,0,-113.7,0.6684201666626363,1781.114617847808,2664.66319641545,789.2450788293197,10.027823,140,8000,,,,,,,,,14,0.45,0.045,0.08,ef6298b3a222f9e27d91d2471fd208e1c7e8fb2ffb2b28cbf4c54347d7ed35c0
smooth_088,False,0,,53.5,0,1,0,0,0,-73.5,0,-73.5,0.7529300496444838,905.8359570222357,1203.0811593320661,327.66239042579804,1.447536,140,8000,,,,,,,,,20,0.6,0.045,0.08,4b833657b250d2efd652413e7e8bb16419483c51882bf51e8a2f13b351b86310
smooth_089,False,0,,107.508333,1,1,1,0,0,-637.508333,0,-637.508333,0.6314070437497539,1682.1862456239185,2664.186695849755,728.6391862432997,0.11321,140,8000,,,,,,,,,14,0.45,0.055,0.08,5a2c580831b7115b93e5bff397d4c9944d7749b5e18229aae533d06e28fe5907
smooth_090,False,0,,107.491667,1,1,1,0,0,-637.491667,0,-637.491667,0.6514056250918548,1738.9099351155412,2669.4733175973684,718.7527451958725,0.008635,140,8000,,,,,,,,,20,0.6,0.055,0.08,86038890f2870fd40b25799200c2f546749c17f1d61f42ee2cdb827225dba672
smooth_091,False,0,,108.4,1,1,0,0,0,-628.4,0,-628.4,0.6307312322949387,1684.0236404816476,2669.9544183887424,718.6856873736351,0.170381,140,8000,,,,,,,,,14,0.45,0.06,0.08,234166d1569da6c21fd3d7723392aee3a2039ed31958a732fe3676972f8180f5
smooth_092,False,0,,107.583333,1,1,1,0,0,-637.583333,0,-637.583333,0.6048204660203452,1614.593308555635,2669.541457780833,719.4998589306626,0.064399,140,8000,,,,,,,,,20,0.6,0.06,0.08,1e82dd7dca8f076872673dab54d6df6299b5d6c5699360ec11e9feb0ff08d355
smooth_093,False,1,,245.1,0,1,5,0,0,-315.1,0,-315.1,0.6556277231890946,3973.4128041894724,6060.471001534312,1827.0439118387528,9.990088,135,4000,,,,,,,,,14,0.45,0.05,0.07,68fedf012067ac889034ed6b3d8c91dcf4d4f2dc69ef9975ebcb7d37fdf500ab
smooth_094,False,1,,253.05,0,1,6,0,0,-333.05,0,-333.05,0.6590623530470513,4042.2709052360465,6133.366420563038,1871.1685800609973,1.499187,135,4000,,,,,,,,,14,0.45,0.05,0.09,6300c80065e4f66b98a8d1f46b03a01c8c7fda9642a5cc61d128ab732c9a6dfb
smooth_095,False,0,,112.8,0,1,1,0,0,-142.8,0,-142.8,0.6562561403857612,1748.4229449605948,2664.2386064880625,710.3718858246137,6.256836,135,4000,,,,,,,,,20,0.6,0.05,0.07,f10c1921ddc209cdd01723e2789eb0af4f5a197876d8d0f0fddebab7fe6f024f
smooth_096,False,0,,112.75,0,1,1,0,0,-142.75,0,-142.75,0.6639022138395508,1769.5538733773024,2665.383299663105,688.0696191192401,7.703639,135,4000,,,,,,,,,20,0.6,0.05,0.09,af78f747a59eaa065a71fc53ce8afe5c2b37a1afdfac742ab7669e392f23e169
smooth_097,False,0,,112.65,0,1,1,0,0,-142.65,0,-142.65,0.6490636519134338,1726.5342379911908,2660.038399780027,717.8977232404214,7.708113,140,4000,,,,,,,,,14,0.45,0.05,0.07,4839824ac08cec5855346e8a7349593c08705c2b736e7c14ef5ee0200d8e88e4
smooth_098,True,3,400.637808,400.65,0,0,11,0,0,489.35,202.767558,692.117558,0.6758918583985476,6925.743411149967,10246.821773470929,3323.5493266193566,15.609415,140,4000,,,,,,,,,14,0.45,0.05,0.09,322acd64a42c0f45719705305f5a28a468c17983948a0a8e0c844d7f0e46e1e7
smooth_099,False,0,,112.5,0,1,1,0,0,-142.5,0,-142.5,0.6666631461992703,1777.2986081891333,2665.961990432101,688.073305989058,7.994558,140,4000,,,,,,,,,20,0.6,0.05,0.07,7b26ee4f3117dbf4c89bdf375b28f215830256d7134d28d24797505320c71434
smooth_100,False,0,,112.45,0,1,1,0,0,-142.45,0,-142.45,0.6652889847155292,1771.741675655203,2663.1159035539745,688.9628696320976,8.237653,140,4000,,,,,,,,,20,0.6,0.05,0.09,2a556088b9086121259d28596e0b4447d39990e883ef29d1de776b653f2ca712
