trial,name,completed_three_laps,laps_completed,total_time_s,elapsed_s,collisions,danger,sharp_steer,weave,stops,score,min_clearance_cm,sha256
1,flow_01,True,3,399.138492,399.15,0,0,0,8,0,520.85,15.786994,c236da49a1a8f4b8a927bc84fe65a564e061a6054e022d8f77ba7fa9c95e9068
2,flow_02,True,3,395.417102,395.45,0,0,0,9,0,514.55,15.759726,7d5a36420f9e3063337b14df20a47a61efac5a0cb7f4bcb5d58c83a8fb85bba9
3,flow_03,False,0,,111.7,0,1,0,1,0,-141.7,9.53195,f2cf6621cd6a6e560d984e52499baae6c17ed0bd0ec3cfca41b100a6f3115389
4,flow_04,False,0,,106.691667,1,1,0,0,0,-626.691667,0.223733,86d35207d0986c68ff8c015cada55d3ffdeb979ad5ae1d33b48a54e690905cc2
5,flow_05,False,0,,111.6,0,1,0,1,0,-141.6,9.381977,2ee6f16fac8cdb436fb190c76447fe24a9c09b0d4f6c711226630f6dfc569176
6,flow_06,False,0,,94.758333,1,1,0,0,0,-614.758333,0.126767,2c779d0eac153b7c65e7e7363117693f5a49f15ae3b869c4009f443d653fc1a4
7,flow_07,False,1,,208.333333,1,1,0,2,0,-748.333333,0.130101,191421f5ce4b1fdc74d133a70ce6bc720f91373a8092d4f5d13276c52ff9772c
8,flow_08,False,0,,100.3,0,1,0,3,0,-150.3,2.309071,98602a6e84c97d79994413dba1c2869fafaa9613ab9874f831c48702f6e12505
9,flow_09,False,0,,43.4,0,1,0,0,1,-163.4,3.30763,6521902766002a689781d62cdf1953ce10a7bd695e9dd197c7ff4abd61e137d7
10,flow_10,False,0,,43.95,0,0,0,0,1,-143.95,17.2982,5be0827918d7658fde56ef53448dc3d48d147e1f98acdedf3ce38326bb4b8f60
11,flow_11,False,0,,152.35,0,1,0,3,1,-302.35,9.851556,41e92670a276ceaf526e19e0d8ed41fd7864ff7279df7ebb955a539b48f0a2b4
12,flow_12,False,0,,55.1,0,0,0,1,1,-165.1,16.507654,0200e96c9dd4848d567a5202d8b1265675a35b096ad2f9ac04b560746a2c216c
13,flow_13,False,0,,55.25,0,1,0,1,1,-185.25,6.822666,e57cada91fa1b130a73029f14026fc725b2a235469f0042cdf6a829bedb4c2b7
14,flow_14,False,0,,54.9,0,0,0,1,1,-164.9,11.257505,17dd1939f832ec5044200acb51ce7a661fd8a415a4cb245eb6de9852977eefeb
15,flow_15,False,0,,100.35,0,1,0,3,0,-150.35,3.443633,f948562de41e720312fc6ece6d0e93817ade0af2d8f460940938c626da993d7f
16,flow_16,False,0,,43.65,0,1,0,0,1,-163.65,2.245634,e958e61f5a0aef5035c47de77593e28da1240353a27af5bddea1d1cdad4cdcd3
17,flow_17,False,0,,55.2,0,1,0,1,1,-185.2,6.537565,35b1e3792301ace291f56d519da2693ce0d2bdd1797bafff31b9a591874a3339
18,flow_18,False,0,,43.55,0,1,0,0,1,-163.55,1.910978,ab041984fa96ba2b3cd9aad55bb09eb7dade1d1cb77fb82c6da096aa53a6e54a
19,flow_19,False,0,,37.85,0,0,0,0,1,-137.85,14.725163,4024402c6f016381b0ae6399e278cc51dd845435a5c74417d7a7fbeaaaff4af8
20,flow_20,False,0,,37.85,0,0,0,0,1,-137.85,14.725163,4ad17cc2f630651f0c4d9f6dffcc12cba60e5355a64d68c98e23146a7085216a
21,flow_21,True,3,399.138492,399.15,0,0,0,8,0,520.85,15.786994,2225144da3583a10262c4a008e048aaf17644e46b4686314e39b4f0c1962be99
22,flow_22,False,0,,118.55,0,0,0,4,1,-258.55,15.815138,6c1a6a556a7c15d3e8f47240fcc495751673d6ffb2f62c18aa2a2a96736a00c6
23,flow_23,False,0,,82.158333,1,1,0,1,0,-612.158333,0.474824,c8c8f48697373c180d455f3903aa0ca2e016b8ab855c13e75750dcba6eb973e5
24,flow_24,False,0,,69.05,1,1,0,5,0,-639.05,0.510888,69972aae11bd64c4a079ee49837a4e3c27e7c52937d73d49b4190ed763a0b7a4
25,flow_25,False,0,,118.55,0,0,0,4,1,-258.55,15.815138,65335d4c67175539d0caaaceecdc8da760fd2e77e27c4b92b3f2fda87041b068
26,flow_26,False,0,,169.566667,1,1,0,1,0,-699.566667,0.09651,1b9865aa964b85a53cc2ae0d10454e41d1d8e6286a59134f9b05b13efc22da6e
27,flow_27,False,0,,76.8,1,1,0,5,0,-646.8,0.125649,25f1d6f49fbf9881ea6c50acc80a727db692a69bce7fab2c44e061469db42f7a
28,flow_28,False,2,,409.008333,1,1,0,8,0,-1009.008333,0.178612,5ef0179fdf9880d8357e305c8cc33262e987f99281680f76d41eac05e2db7e29
29,flow_29,False,0,,175.091667,1,1,0,0,0,-695.091667,0.108299,305d88aa358181be0f48c4bfc1d93c507b4761693e4bea3fcd686254e1af36b3
30,flow_30,False,0,,87.025,1,1,0,4,0,-647.025,0.183404,15d869ad38654aac5680755957a98a0e6513d50470b6eaa7fd2d5cf2d0793f2a
31,flow_31,False,0,,167.341667,1,1,0,0,0,-687.341667,0.212795,b6daf3aa6e424d10659e3dd14df8d08a61465b30f75a2b80e841e8094ac7f5c2
32,flow_32,False,0,,75.425,1,1,0,5,0,-645.425,0.095771,fe3bfb8032e5ff7dac1945dc7054f372786a9a9eb924d00e754105f69ebedcce
33,flow_33,False,0,,115.85,0,2,0,1,0,-165.85,7.75527,8ffb662c50ba3a3a08c3b7b239885298bf1e63e0c330c4a57914a95027926732
34,flow_34,False,0,,105.05,0,1,0,1,1,-235.05,9.319348,19dc05387c365a3715537d341492d7a970b84432983a61ac13d8bc551f6816a8
35,flow_35,False,0,,99.55,0,1,0,0,0,-119.55,6.37783,04082a608d35674d54fdef72082af65a2fe023add0a07c792c80e010c16839d0
36,flow_36,False,0,,104.05,0,1,0,1,1,-234.05,8.471558,da8a1b9f7349d506617dc8ed962dc8e2b3c8c2c1f31bf55105348f4bd914049c
37,flow_37,False,0,,104.7,0,1,0,1,0,-134.7,9.072816,b085f0386d068ea0d4ecf5b8f652222556fa332cb9ea1b08e67597d053f5110d
38,flow_38,False,0,,109.85,0,0,0,1,1,-219.85,14.443313,c40bcbfe2a66fb33bab059e8014b35ef160d9646cb5c47edc74101130be898f2
39,flow_39,False,0,,110.05,0,1,0,2,0,-150.05,6.113456,e82e30194db7ee9fd5193caba036cd4e837f0172553d562dbffab54b5e26e1ff
40,flow_40,False,0,,106.2,0,0,0,2,1,-226.2,14.22255,578b3104a9290b4204f9e8eeb28001e30909f3d8883f180bc52c456dcf9e80ec
41,flow_41,False,0,,108.025,1,1,0,0,0,-628.025,0.013497,1b5a9acb5cc1dc0ad1081151173e94cfa5e4b494818abf6cb94a2db33658fe2b
42,flow_42,False,0,,54.2,0,1,0,1,1,-184.2,9.187657,75be18008e19f64825d29415464ce4735d93e449c9035cf138ab598531222aa9
43,flow_43,False,0,,56.45,0,1,0,13,0,-206.45,2.981752,59efa0aa541a267f174517ee6675e5d054c84287a2d0d058dfbafc4f64a6ef70
44,flow_44,False,0,,108.7,1,1,0,0,0,-628.7,0.144845,d7f7e6e48942e365025a8bd0e10aa8c991cffed228468fd242017ab9a32ba9af
45,flow_45,False,0,,54.8,0,1,0,0,1,-174.8,4.412536,51dd7b9eca11c75522c9e9bab033f17dc21c9a235399da25cae475037ef2006e
46,flow_46,False,0,,56.65,0,1,0,0,0,-76.65,3.575302,721be85800566342af373dad69314de3aa9304baaed1a8a56cd9fdf3ad4ea41c
47,flow_47,False,0,,106.466667,1,1,0,1,0,-636.466667,0.141399,b35d3645ebd4d3249e6af6ee21c02aefcc8ce13207f4bd69788ef5a1cb3a4855
48,flow_48,False,0,,53.35,0,0,0,0,0,-53.35,11.143278,73d4530e1891a6b5e457a7ca850fa622c68d3bbceb397d1ba181c2bb2474571b
49,flow_49,False,0,,55.0,0,1,0,2,0,-95.0,2.410845,ef3ad333410d0eb89c59ff82386373f4dab26a0f49efc781ed10b3f0c764eee0
50,flow_50,False,0,,106.233333,1,1,0,0,0,-626.233333,0.080294,52c8eab205456abd442cf8d1525a339891d021645647dcdca1dae609011ecbdd
51,flow_51,False,0,,53.65,0,1,0,0,1,-173.65,6.724261,c66f7854b9c05bf1968dd7587f9b55ef9bb386a0c2fceb9c010351de03b189c0
52,flow_52,False,0,,55.85,0,0,0,2,0,-75.85,12.194243,1fc4a41f01d842460e67fdf7ace77919f02d7e339503f7a159b4beda7d682854
53,flow_53,False,0,,50.0,0,0,0,0,0,-50.0,12.241613,0fab8a312b0bd96a1a8a3fcfba9e56aa30a455fd0b84429a6bde0bff26341854
54,flow_54,False,0,,48.95,0,0,0,0,0,-48.95,12.120663,0b9cf8e85efa772c13d0830997f037488350d5da4e41ec94aa3f8e12c48c5a5c
55,flow_55,False,0,,48.15,0,0,0,0,0,-48.15,12.919926,b0abf8da708d6cdd292114d62cd137cb65384f841157ad232fc1c308fdd6567c
56,flow_56,False,0,,40.25,0,1,0,1,0,-70.25,7.964686,0c6ac508a7b532e8f0b1712d45a4629f38b7732880048fac4840d837ac2b2605
57,flow_57,False,0,,38.9,0,1,0,1,0,-68.9,9.091199,b585f76023828ac267886260a60dc54dfb4bc6c2c171c9570e27ff40466bbf73
58,flow_58,False,0,,38.15,0,1,0,1,0,-68.15,9.034554,a3f29932617eb45f1fe5bd92d4210725df7c15ef65569feaf146d87de1598662
59,flow_59,False,0,,1800.0,0,0,0,0,0,-1800.0,38.784147,af45dea2f3c6381664af57f19ae2a22b794854e9e653570d60d5ecbb371c919c
60,flow_60,False,0,,1800.0,0,0,0,0,0,-1800.0,38.784147,d4c5fe3fa666a6f5162709601ca985cb035e826fa18645937cbf933618036ce2
61,flow_61,True,3,395.417102,395.45,0,0,0,9,0,514.55,15.759726,4b74924db5535bdadd9bfba99acbb1c21699220f9a4c9f14377eaeea2671c5f9
62,flow_62,True,3,395.417102,395.45,0,0,0,9,0,514.55,15.759726,844b242efdcc1b564d01b93399941a416aa66ff7fa8063d4238126a58b29b699
63,flow_63,True,3,395.417102,395.45,0,0,0,9,0,514.55,15.759726,788d2674ee5d33358a9f8370d0169892eb26c8ee45b64901993435976d9720a9
64,flow_64,True,3,395.417102,395.45,0,0,0,9,0,514.55,15.759726,3b1ee56d2007e9e96e6d74c67a5000bd5b1776d243509e13213bdc0c00f38ca7
65,flow_65,True,3,395.417102,395.45,0,0,0,9,0,514.55,15.759726,3dc8bd3afff0f93a7c41efdd22d67a1f68728d5efff793cded71390861d4768d
66,flow_66,True,3,395.417102,395.45,0,0,0,9,0,514.55,15.759726,9b2d05f9c882ed1b8cd67b14388908f1a565e484a4fd8b185354247d03a1d4a2
67,flow_safety_67_0,False,0,,107.766667,1,1,0,0,0,-627.766667,0.04162,c5657fb43ed35d1505e27adda2831d46deb9bd65db5819e9e55b689434fd8069
68,flow_safety_68_0,False,1,,243.65,0,1,0,1,0,-273.65,6.534755,74548a06a50d8508f9eb081096f4691986174b6e6941c6889d5b34520681e806
69,flow_strict_validation_01,True,3,395.417102,395.45,0,0,0,9,0,514.55,15.759726,e650bbafb363ac35424f1e736cc752e2fff84dfb76fe1f0fe754115eaff2b018
70,flow_qualified_validation_01,True,3,399.138492,399.15,0,0,0,8,0,520.85,15.786994,22d45c2faafd28a1a671b83a6c646fc7fb47e4e13344adef31eb0847ca17d34a
71,flow_final_validation_01,True,3,395.417102,395.45,0,0,0,9,0,514.55,15.759726,6b5c58af988e97d084fea37fed300926a581c5d3eed028ac96aae768e90e4091
