name,completed_three_laps,total_time_s,collisions,danger,weave,original_score,straight_bonus,smooth_score,time_bonus,race_score,sha256
smooth_001,False,,0,1,0,-174.2,0,-174.2,0.0,-174.2,9cc124f2fc1dbaad8e212856bcd5d1a3b0c862ae713c7866e3dd623a482faa68
smooth_002,False,,0,0,0,-154.5,0,-154.5,0.0,-154.5,66828404f28f10983df6be102f7a963755f0cf48154a0120efff9ec0152c4a0a
smooth_003,False,,0,0,0,-154.05,0,-154.05,0.0,-154.05,6f72952243d569cd4bc7c37d29bed7695b34d3571ed9554b1cb5b5cb426da4da
smooth_004,False,,0,0,0,-154.05,0,-154.05,0.0,-154.05,62a3b3c06c13366a0b599254a38f8976d5914fd3412dd1b043c744e75ef1fda4
smooth_005,False,,0,0,0,-153.95,0,-153.95,0.0,-153.95,bd377422f9667e0213d6efb0df347c5dc560eaceba4c16e354005277eaa53800
smooth_006,False,,0,0,0,-153.95,0,-153.95,0.0,-153.95,7bcf585c0183ca2b99b6bd705489551f3bf3e8d4d202dea029908518a7403bf7
smooth_007,False,,1,1,1,-807.891667,0,-807.891667,0.0,-807.891667,a3f3b607df6b46949fcc1d34add0286a03218fed71d48fdf4b44028603a808f5
smooth_008,False,,1,1,0,-669.425,0,-669.425,0.0,-669.425,c77c1cffcb3d15468f7b92de4dc19e77a52cc23259b4444fe69e4b5a723e4bf0
smooth_009,False,,0,1,1,-142.2,0,-142.2,0.0,-142.2,726a7f3be601230d20c8e3e32668085a3f2e7de434db8e7664ae719ad052eebf
smooth_010,False,,0,0,0,-153.95,0,-153.95,0.0,-153.95,c464cf1fa0b00497b9ec90a30a6e7d828fff849621cee957c9b5a4de979fe63d
smooth_011,False,,0,2,6,-351.15,0,-351.15,0.0,-351.15,34586651512b368ff0b171a4fc34faa3d3e52a23f31870540392008450fe9740
smooth_012,False,,0,0,0,-154.0,0,-154.0,0.0,-154.0,658e2b2656b8a865ede078a50441287cf93ea11207dba4db5688d04e08c3bf49
smooth_013,False,,0,1,1,-183.15,0,-183.15,0.0,-183.15,ad6d20bb4f6290f0f50bba3d4148b704fd8a6a674fa5627407b7878d42778ba7
smooth_014,False,,1,1,0,-669.425,0,-669.425,0.0,-669.425,ab801e5f27cbf6cb769b28741d64b3ceabd4608ed668bb38619aff14c9293b45
smooth_015,False,,0,1,1,-142.2,0,-142.2,0.0,-142.2,269dee49aa1371a3b951cc477b9c3309067f7bfceaa1e3b33fee73d2ef6e4111
smooth_016,False,,0,0,0,-153.8,0,-153.8,0.0,-153.8,499754543171a3b6c177b88995fe4be940e1310adb06173d41d6f63dd0caf75a
smooth_017,False,,0,1,1,-142.8,0,-142.8,0.0,-142.8,ebff87ab8c6b73a0949285c9c317f1cd10c56b032323f9a1cc4455e34e0b6d18
smooth_018,False,,0,0,0,-154.0,0,-154.0,0.0,-154.0,2e0f7bc63039824acca8b751be9091e390f0cfd74b392740726dc37f4c26db75
smooth_019,False,,0,1,1,-142.2,0,-142.2,0.0,-142.2,a98b7daf59fe2cffeba23f6d7bddeebbcd22b1dca344e837f8581aebb6363290
smooth_020,False,,0,1,1,-142.1,0,-142.1,0.0,-142.1,f22cb2efc65861b29bcd84b6967286ff5ba03e650e5069bf06224288565e7f85
smooth_021,False,,0,1,1,-142.05,0,-142.05,0.0,-142.05,f8e966c5414b35052b3853c2ca995e29ecfcd23df77ff8980e569052cd8e1174
smooth_022,False,,0,1,1,-141.95,0,-141.95,0.0,-141.95,636ad0e2b1f38f3fc9b703e7926d3f5dac8a59cc2af859eec61de4c49a7d0a97
smooth_023,False,,0,1,0,-133.75,0,-133.75,0.0,-133.75,6a8265944c22fbfa74c9bcd77a9fdf1a5b8bffcc1f833e2b1e4072395d52062a
smooth_024,False,,0,0,0,-154.5,0,-154.5,0.0,-154.5,340d89179448752824be802df9fca1e386899e4d971e793b8fe27b87b7078687
smooth_025,False,,1,1,0,-627.833333,0,-627.833333,0.0,-627.833333,190358751760d7d6ae5740f9e8854f356740f29cf80620486677bda08b53fdf6
smooth_026,False,,0,0,0,-154.45,0,-154.45,0.0,-154.45,e9827a38cec5f7d9fdad0c5bb4b457906d23d02d2d88e65dfe30c48cf98e187c
smooth_027,False,,0,0,0,-154.25,0,-154.25,0.0,-154.25,c38f58d9f7c167ea0f7a1d352d5af755a110bcb000108855c7da277a6165d182
smooth_028,False,,0,2,1,-302.5,0,-302.5,0.0,-302.5,72a30ddeec5aa005567d51e9112b63ae1d6d675a495314bb90ee79b89bb9840a
smooth_029,False,,0,0,0,-73.85,0,-73.85,0.0,-73.85,93b723fcdb02557a989a4ed40fbba14deefafa4c27bef2a1cea1a5a21f4cdcba
smooth_030,False,,0,1,0,-173.4,0,-173.4,0.0,-173.4,f0c1f1f13577986173133f7243bd664637027b2143580c552a245762d0640a08
smooth_031,False,,0,1,0,-132.3,0,-132.3,0.0,-132.3,2d490d5a5722092066b407cc3616d4fd5c1d27763af71456c96f37183334dcdb
smooth_032,False,,0,0,0,-73.95,0,-73.95,0.0,-73.95,277265efd002cf685953fb215f5dcdc878658a1adafa7b393c52ff081e2e9b50
smooth_033,False,,0,0,4,-389.25,0,-389.25,0.0,-389.25,d078e434e45e6141781fdbe0c9a04d27fc6abf5918601ae4cfba73a47026a13c
smooth_034,True,395.417102,0,0,9,514.55,194.999686,709.549686,204.582898,914.132584,2977f1ba98c4d0ae740174d5fde2ab18f323e50cdca9ece5f066fff0dc2a1702
smooth_035,False,,0,1,0,-172.6,0,-172.6,0.0,-172.6,626a13f709d8e909bbbd5f7ec050b2c5fab948e2b171182a6e1656eb1fe2a01a
smooth_036,False,,0,1,0,-131.75,0,-131.75,0.0,-131.75,0dfbefb1643f975d0cb9c000a12aa933465b8cb96909d293826b944f86b3208c
smooth_037,False,,0,0,0,-153.6,0,-153.6,0.0,-153.6,ab6502afe37037615caadfae17cd2cf2b3f5c6dc993b4c472d2f6876cbecfa8b
smooth_038,False,,0,1,0,-132.65,0,-132.65,0.0,-132.65,5879f6dc741a5f48944edf0ff48020255bf69aedcb36da0bb45879c78bc26c1a
smooth_039,False,,1,1,0,-626.275,0,-626.275,0.0,-626.275,5f3f415cdb4b1bc9fc9c424bc67da9f157a84001df0481f71f511b0c5a22db42
smooth_040,False,,0,1,1,-141.85,0,-141.85,0.0,-141.85,1f404f611c6ab53edc06a480971e815060a6b353b43a76d0ab3c893afa41823d
smooth_041,False,,0,0,1,-260.65,0,-260.65,0.0,-260.65,c732d43d418070329eb55ada1715177b2297ab972f6ba1a0eb02ec962aa977e0
smooth_042,False,,0,1,0,-131.7,0,-131.7,0.0,-131.7,7abed0f9ece4a29e322e75001f9525c6ce217123d7cf91461292b9e68edc62db
smooth_043,False,,0,1,3,-298.65,0,-298.65,0.0,-298.65,fc1a338a5a52464ceb6d79ae25b21cec40340da543bbc9180f2e46a97d6a735a
smooth_044,False,,0,1,0,-73.25,0,-73.25,0.0,-73.25,7b6668cc236e25419f8ba7ec77cd08e87c87e917f29f1f3ee0ea6e42f8aa46d0
smooth_045,False,,1,1,0,-625.133333,0,-625.133333,0.0,-625.133333,b81e356f15b48c4b09af1826928b58d04b979dfb9d83947faa9cff0582026489
smooth_046,False,,0,1,0,-173.25,0,-173.25,0.0,-173.25,6ac37062f010f325209958765824f6264fbbf144a4ea783cbb1101ce4df94dc3
smooth_047,False,,1,1,0,-627.941667,0,-627.941667,0.0,-627.941667,0961a15b3c0e18be701bae5669ccfbf32a161818aaaab1d1021bd0e588c9dfd0
smooth_048,False,,1,1,0,-630.233333,0,-630.233333,0.0,-630.233333,8e13e483c7420b2f38d073013e3c3ff00282cd6a5116cc6f236172ad8d030f41
smooth_049,False,,0,1,0,-73.8,0,-73.8,0.0,-73.8,8a21264d0c29f2770d50eb9c9d43a4d5cc344d58929f50dce5bc0b6aa3e7b9bd
smooth_050,False,,0,1,0,-94.4,0,-94.4,0.0,-94.4,7cf276cf2f9a359e87dc1f7fd88271a5131f785d3aa9ebc2ff9e6c58748a07f8
smooth_051,False,,0,0,0,-154.05,0,-154.05,0.0,-154.05,6f72952243d569cd4bc7c37d29bed7695b34d3571ed9554b1cb5b5cb426da4da
smooth_052,False,,0,1,1,-181.85,0,-181.85,0.0,-181.85,958c04046d6d39a0507d12ec2e4fa6eabdb345802837ebb3c4ad59c95d4852b5
smooth_053,False,,0,0,0,-153.65,0,-153.65,0.0,-153.65,976d4fc7f22c9fcbf92dac37ad96af01c548a473d75784585a64ee08991a74cf
smooth_054,False,,0,1,1,-181.15,0,-181.15,0.0,-181.15,36d0e0b66e53abebdceefae6bd23144d23270b4b60069b2806d6df90a438163a
smooth_055,False,,0,0,0,-153.65,0,-153.65,0.0,-153.65,a65af8e5c0d85623b6cb2e208d54abb79e2e0c0e85bcaa8f4b6697c188995fd7
smooth_056,False,,1,1,1,-676.916667,0,-676.916667,0.0,-676.916667,b050cbb52c03fc3804281c7457a08e7ae42ed2f83b7038fef8fdb94c6fb4e281
smooth_057,False,,0,0,0,-153.65,0,-153.65,0.0,-153.65,3ede6d86878de5798945cc10e9cc20074261a3b1fa57a222dee992bfa8a658d8
smooth_058,False,,1,1,1,-676.891667,0,-676.891667,0.0,-676.891667,de5c2bd8d2a54f6f2715403f94d9ff1c5b23d4f6aadd27ca27dbcd2d27b91798
smooth_059,False,,0,0,0,-153.4,0,-153.4,0.0,-153.4,edfe079b29ad67de4e850ce4ded6bafb63f0776e466ec811825101fffa0ccf8b
smooth_060,False,,1,1,0,-667.625,0,-667.625,0.0,-667.625,f2ec3469bcdb95c30890f1f21a59c11711c1fe0dd4c3e0afa06e799885855b12
smooth_061,False,,0,0,0,-153.95,0,-153.95,0.0,-153.95,32116ab6729c413c8a616bab8005783834c9b73443186188a8fa0aea14b519fa
smooth_062,False,,0,1,1,-182.5,0,-182.5,0.0,-182.5,f739ac355db8b05d37ed8b294f23ebf2a36aa81a30c09c4e24b46083e56be4b6
smooth_063,False,,0,0,0,-153.8,0,-153.8,0.0,-153.8,8f41e47a964ffe2e2e521fa4602633662aace606d5175f982c9f79c1b55031ad
smooth_064,False,,1,1,1,-676.966667,0,-676.966667,0.0,-676.966667,3c2437bfeb94c8940f335a5be4310c59f5f86701587c5453d87ae9e3d14b3ec9
smooth_065,False,,0,0,0,-155.35,0,-155.35,0.0,-155.35,b6f16951f4686f98178e94fa2fbb8458713c8076bb1caa27eb5b28fe877305c7
smooth_066,False,,1,1,1,-679.183333,0,-679.183333,0.0,-679.183333,cafea848d69b39910b9a6ccb60814cbb06a4c52b3a238aa0bba6935b28162603
smooth_067,False,,0,0,0,-154.9,0,-154.9,0.0,-154.9,84d87c1eb8a78c576334dc99b9b258b2913371ce2ac07884f176243a085b5fdc
smooth_068,False,,1,1,1,-677.166667,0,-677.166667,0.0,-677.166667,ff7c4ccf058fcdafdb895c266ca31367e20b5299c9d299f91c9d2d57e685fc59
smooth_069,False,,0,1,5,-315.65,0,-315.65,0.0,-315.65,3911e5099dded5f1083927869799f1727bc11add371ea410ebb66369bbb2734e
smooth_070,False,,0,1,4,-344.9,0,-344.9,0.0,-344.9,8aafbc5f0af8c205967fd809591c134aad25414053b0c15bd4041799ef6053cf
smooth_071,False,,0,1,2,-160.25,0,-160.25,0.0,-160.25,ec5f3edd72457e15221775bc8688aa232bf0b207fc024e06388c11959b0518b0
smooth_072,False,,0,1,3,-433.6,0,-433.6,0.0,-433.6,20891ca1715c67b7730913fb19e5ab46f3c9fecbf113c6410c25c0b75c5ec4f0
smooth_073,False,,0,1,4,-305.85,0,-305.85,0.0,-305.85,25e55e70d3df174b571d6928c5c50c2c2b5d240fb4832df322b9df23bfd56821
smooth_074,False,,0,1,4,-304.45,0,-304.45,0.0,-304.45,f0a9db94127107cd78db982b87e349a1455a3b969afe7638ed3826491321116e
smooth_075,False,,0,1,1,-143.35,0,-143.35,0.0,-143.35,d4dfdca60d4025c78d1dd60040583ebf3dd892a69cfe4720230956d48893a5db
smooth_076,False,,0,0,10,-580.7,0,-580.7,0.0,-580.7,572d762ba3e16b05cfff2673a9e58c33f475ef5cf5e72ecbbb454450eddd34da
smooth_077,False,,0,1,1,-142.65,0,-142.65,0.0,-142.65,6300392380e7e370e6fe86fd6c4abf9b9e8eeb8e07bea0ae931d40e12eb03fbc
smooth_078,False,,0,1,1,-142.65,0,-142.65,0.0,-142.65,3c2bdfc6b7652bb9c3ad4a6c514ff9f1c3e41a68daece3d0821ec42b6d1b66e8
smooth_079,True,399.138492,0,0,8,520.85,201.369199,722.219199,200.861508,923.080707,791b3ccac4705c5b421aa2c75bdc8c9fe0a6a87ac6e3eb1c2ce77fb4e1e38b16
smooth_080,True,395.417102,0,0,9,514.55,194.999686,709.549686,204.582898,914.132584,ae5f2d86f8ef9219a49bdf656faed47fb46fd3da2a367493332823a3f74ea46f
smooth_081,False,,0,1,1,-142.65,0,-142.65,0.0,-142.65,8293a8660065d9b33af5e5c19beba692335797ed6eec40f1ce333ea22a7b3d5f
smooth_082,False,,0,1,1,-142.65,0,-142.65,0.0,-142.65,91a01fd302fbe4e83866e046e6037a9579d75666d4c29bd856d1ac27c76c4596
smooth_083,True,399.138492,0,0,8,520.85,201.369199,722.219199,200.861508,923.080707,7b876d4ef0b4a837a7a432877f3f78c3a40b209c6700508224c84a0608a7fd68
smooth_084,True,395.417102,0,0,9,514.55,194.999686,709.549686,204.582898,914.132584,3c99480e2d32c16ff50d111dae1318a59c4b81eb0b8a4c9594705a7882fddfd4
smooth_085,False,,0,1,2,-158.95,0,-158.95,0.0,-158.95,637996deab8cf36d254a20694dcd7a37457722f21e3a9d7e86deccbf296e05dc
smooth_086,False,,1,1,0,-568.0,0,-568.0,0.0,-568.0,3b8859d8ff9027f97b0a64adb89bc3c03a457ecdb5ffe3d7405ca034002862bb
smooth_087,False,,0,0,0,-113.7,0,-113.7,0.0,-113.7,ef6298b3a222f9e27d91d2471fd208e1c7e8fb2ffb2b28cbf4c54347d7ed35c0
smooth_088,False,,0,1,0,-73.5,0,-73.5,0.0,-73.5,4b833657b250d2efd652413e7e8bb16419483c51882bf51e8a2f13b351b86310
smooth_089,False,,1,1,1,-637.508333,0,-637.508333,0.0,-637.508333,5a2c580831b7115b93e5bff397d4c9944d7749b5e18229aae533d06e28fe5907
smooth_090,False,,1,1,1,-637.491667,0,-637.491667,0.0,-637.491667,86038890f2870fd40b25799200c2f546749c17f1d61f42ee2cdb827225dba672
smooth_091,False,,1,1,0,-628.4,0,-628.4,0.0,-628.4,234166d1569da6c21fd3d7723392aee3a2039ed31958a732fe3676972f8180f5
smooth_092,False,,1,1,1,-637.583333,0,-637.583333,0.0,-637.583333,1e82dd7dca8f076872673dab54d6df6299b5d6c5699360ec11e9feb0ff08d355
smooth_093,False,,0,1,5,-315.1,0,-315.1,0.0,-315.1,68fedf012067ac889034ed6b3d8c91dcf4d4f2dc69ef9975ebcb7d37fdf500ab
smooth_094,False,,0,1,6,-333.05,0,-333.05,0.0,-333.05,6300c80065e4f66b98a8d1f46b03a01c8c7fda9642a5cc61d128ab732c9a6dfb
smooth_095,False,,0,1,1,-142.8,0,-142.8,0.0,-142.8,f10c1921ddc209cdd01723e2789eb0af4f5a197876d8d0f0fddebab7fe6f024f
smooth_096,False,,0,1,1,-142.75,0,-142.75,0.0,-142.75,af78f747a59eaa065a71fc53ce8afe5c2b37a1afdfac742ab7669e392f23e169
smooth_097,False,,0,1,1,-142.65,0,-142.65,0.0,-142.65,4839824ac08cec5855346e8a7349593c08705c2b736e7c14ef5ee0200d8e88e4
smooth_098,True,400.637808,0,0,11,489.35,202.767558,692.117558,199.362192,891.47975,322acd64a42c0f45719705305f5a28a468c17983948a0a8e0c844d7f0e46e1e7
smooth_099,False,,0,1,1,-142.5,0,-142.5,0.0,-142.5,7b26ee4f3117dbf4c89bdf375b28f215830256d7134d28d24797505320c71434
smooth_100,False,,0,1,1,-142.45,0,-142.45,0.0,-142.45,2a556088b9086121259d28596e0b4447d39990e883ef29d1de776b653f2ca712
