name,program,sha256,completed_three_laps,laps_completed,lap_times_s,total_time_s,elapsed_s,collisions,danger,weave,sharp_steer,stops,min_clearance_cm,score,program_error
tune_07,optimization/three_laps/candidates/tune_07.py,19515359a050211dea4b78553ecb1d5e1c843dd8023c566e29d322991d132660,True,3,"[134.149076, 133.157644, 131.831772]",399.138492,399.15,0,0,8,0,0,15.786994,520.85,
tune_08,optimization/three_laps/candidates/tune_08.py,79cf2506b6ed33fcbc9b010980818d50356ae5c9e0185a2a4fc2a402bcf4de7d,True,3,"[133.963445, 133.36148, 133.263068]",400.587993,400.6,0,0,12,0,0,15.786994,479.4,
screen_v044,optimization/fast_candidates/v044.py,5469251c8c259b88746965c88486824c518df23a8200d0fc652ff19a113a2c3c,True,3,"[134.160998, 134.137658, 133.1111]",401.409755,401.45,0,0,11,0,0,15.786994,488.55,
tune_02,optimization/three_laps/candidates/tune_02.py,4988c2ed13c945a589652cac17f184feb993dd7512d1dcbbcb14d05c89ec3512,True,3,"[133.809307, 131.85106, 137.742658]",403.403024,403.45,0,0,9,0,0,15.374412,506.55,
screen_v037,optimization/fast_candidates/v037.py,8673c3ecfe2211fd5379a068bf0662a8bc0a6571636b58db1a334bf7214a556b,True,3,"[136.871712, 135.948582, 136.452884]",409.273178,409.3,0,0,12,0,0,15.786994,470.7,
screen_v042,optimization/fast_candidates/v042.py,2eacfebf957d0a78e7105d59f7b44c61a3f47b362457b86a39a12d3b59b94fae,True,3,"[137.511199, 135.278946, 137.16171]",409.951855,410.0,0,0,10,0,0,15.603729,490.0,
screen_v009,optimization/fast_candidates/v009.py,06c4dcace855fc56a64c711b35024ce122da21ed6181e31d6705178a1fd10744,False,2,"[140.26342, 140.692654]",,395.025,1,1,11,0,0,0.167328,-1025.025,
screen_v010,optimization/fast_candidates/v010.py,81307ac213ef690c746faac0d47c051e7a0804d43770cef76b55f4db390b4c93,False,1,[140.181849],,260.95,0,2,7,0,0,9.773115,-370.95,
screen_v011,optimization/fast_candidates/v011.py,f20c8cdde841baa74f021f277d396280dcbe9f2b34ffa9037b9e343144ed4c94,False,1,[140.436939],,260.7,0,2,6,0,0,9.737769,-360.7,
screen_v012,optimization/fast_candidates/v012.py,c4f5afb0f9811ca986845dd5092a25ed2d873482d048a497dc639990256e74f8,False,1,[138.985216],,250.15,0,1,5,0,1,9.919627,-420.15,
screen_v013,optimization/fast_candidates/v013.py,909dcb795cbdd8340a7220c76bd1b21113ff040853e9dc9f1f8ce44289da01e1,False,1,[138.472034],,258.7,0,1,6,0,0,1.723059,-338.7,
screen_v014,optimization/fast_candidates/v014.py,50862f65997560caf003097052673ead5c0c3607486d9932a629835b1e2a8d5a,False,1,[140.20781],,251.8,0,1,6,0,1,9.922782,-431.8,
screen_v021,optimization/fast_candidates/v021.py,350aad9f66375c13778d6b864092fb9b2578ff8907660795945bf195541d3579,False,1,[137.492553],,253.05,0,0,8,0,1,16.773081,-433.05,
screen_v025,optimization/fast_candidates/v025.py,d64ba426d4dc64c81a92114e2bc0a1d43cf4d08c39aadab2e89bfde76dee792c,False,1,[140.110852],,193.35,0,1,5,0,0,2.045682,-263.35,
screen_v038,optimization/fast_candidates/v038.py,dec06e21caac58de248feae35cb145febdd6c261a07817a5d96b5cfdf28b1e85,False,1,[137.6281],,256.1,0,0,8,0,1,15.786994,-436.1,
screen_v039,optimization/fast_candidates/v039.py,22277d02ea19de413b0b37fbf144eec04eeeadf865513069fb57bb0a29aedf72,False,2,"[137.447126, 136.533925]",,394.9,0,2,10,0,0,9.696846,-534.9,
screen_v040,optimization/fast_candidates/v040.py,6574d0900e1e31c74e733da69ed81e49174f041eff6702e680253f53be98269f,False,1,[135.864143],,256.7,0,2,6,0,0,9.661983,-356.7,
screen_v041,optimization/fast_candidates/v041.py,6870c847e6cba9d97e271c447b81bbbb46f00a09a0cd96db524deb9dd5382d13,False,2,"[136.736819, 136.420006]",,393.6,0,1,10,0,0,1.713536,-513.6,
screen_v043,optimization/fast_candidates/v043.py,642ca0f8bcfe299d50d8df20fb0c3b79456529506fa46555c589cc118aca75c8,False,1,[135.179853],,255.1,0,1,6,0,0,2.231599,-335.1,
screen_v045,optimization/fast_candidates/v045.py,d951eae68c0656fec2c7c00338b2f71c8abd27fd6999031079f82072c4776899,False,1,[134.193865],,246.15,0,1,5,0,1,9.913702,-416.15,
screen_v046,optimization/fast_candidates/v046.py,5c5cf0be94430ef8320ecb013da243c227511af9d1c97324433f5b67eb6eae21,False,1,[134.157434],,254.05,0,1,6,0,0,0.010883,-334.05,
screen_v047,optimization/fast_candidates/v047.py,059ce5c99bc23cc4b590fe3cab3307d2c45ecf0e59796295cf8feec1550819c2,False,1,[134.155447],,255.3,0,1,5,0,0,1.40812,-325.3,
screen_v048,optimization/fast_candidates/v048.py,218e3da4d7990f4c68c72ff49392fd6b30e0c97749e51283b722c6c262e6a597,False,2,"[134.898289, 138.483354]",,385.3,0,1,10,0,1,9.90687,-605.3,
screen_v049,optimization/fast_candidates/v049.py,546e5076268a682e187b10abc9b9b4c09a24552b7ccbde99a7d2886dfc543a6c,False,1,[133.296599],,253.8,0,2,6,0,0,9.64125,-353.8,
screen_v050,optimization/fast_candidates/v050.py,b9d10ecac97ca2beef50d5360c0a0f6bdd717c8500cb330bba5281aa82e87ac2,False,1,[133.166048],,254.65,0,1,6,0,0,9.656676,-334.65,
screen_v051,optimization/fast_candidates/v051.py,82e22ff34f9c6b9e139aaca899a18cda825a0c179739427025bb38ca1d939f95,False,1,[133.292556],,254.95,0,2,5,0,0,9.458035,-344.95,
screen_v052,optimization/fast_candidates/v052.py,9efa853e0ab62adb9ec72f3e47f4a96e84c3e5515517c7f0967c711b8b1bd140,False,1,[133.240329],,245.55,0,1,5,0,0,9.131779,-315.55,
screen_v065,optimization/fast_candidates/v065.py,7b89c8ce64bb941037740c08efc0b7d97928f81eeab1e8e925c992f4a00746fc,False,1,[132.781287],,245.1,0,1,3,0,1,9.150769,-395.1,
screen_v066,optimization/fast_candidates/v066.py,6e4cd96ac35ed8bde5e87c8cacb01bc030ada855630037fd4eb64c8e2ac193be,False,1,[132.781287],,245.1,0,1,3,0,1,9.150769,-395.1,
screen_v069,optimization/fast_candidates/v069.py,bdee42bdd642425ea3dcd3a098435d3819481ce56e2dd938c22188a5737f88e5,False,1,[132.781287],,245.1,0,1,3,0,1,9.150769,-395.1,
screen_v070,optimization/fast_candidates/v070.py,3c91828d9cafd3efea25ead7c42881be261d2f6a24d1664cffde42f4682a405b,False,1,[132.781287],,245.1,0,1,3,0,1,9.150769,-395.1,
tune_01,optimization/three_laps/candidates/tune_01.py,96903f1e28d89d4b2d8990a30f9d49daa417c0a3f15246b6e0dce653efc90854,False,1,[133.959542],,253.8,0,2,6,0,0,9.603411,-353.8,
tune_03,optimization/three_laps/candidates/tune_03.py,440ac02fd463bae269b878e6d467bfb2cc8c9f096b2e4abcfd442509b25cd9f0,False,1,[133.686018],,254.35,0,2,6,0,0,9.502218,-354.35,
tune_04,optimization/three_laps/candidates/tune_04.py,1d75c30d446d4796f60f7b07aa333c85e54cadbc26a66dda3103d5b529a3d882,False,1,[133.778773],,252.5,0,0,8,0,1,15.786994,-432.5,
tune_05,optimization/three_laps/candidates/tune_05.py,3b9ee01b16c34633af97099c72792e239c17b9ecdfde91239f60e4fe6cc1d8e9,False,2,"[133.49052, 133.36991]",,373.8,1,1,7,0,0,0.141636,-963.8,
tune_06,optimization/three_laps/candidates/tune_06.py,b79554d52e74d930d040cf39e59a313b191f27e75cb0f8f52879df47590d25b0,False,1,[134.160439],,254.7,0,2,6,0,0,9.515719,-354.7,
