name,completed_three_laps,laps_completed,total_time_s,elapsed_s,collisions,danger,weave,sharp_steer,stops,score,lookahead,correction,sha256
ftg_adoption_01,False,0,,72.35,0,0,0,0,0,-72.35,35,5,6ec082448a9e2e5a85c64b65707da1d1571fee0e33894510caf3faf396c0e7dd
ftg_adoption_02,False,0,,72.1,0,0,0,0,1,-172.1,45,5,79ab96dde55d53ec16b7284cc1a0b5ec3a455cd11e9546dc6cc841b097695d2c
ftg_adoption_03,False,0,,107.125,1,1,0,0,0,-627.125,55,5,92152ee86450ec1e1e4c2a7f64dd570144b1fe76c03b2b8dbf742a11e3152622
ftg_adoption_04,False,0,,112.6,0,1,1,0,0,-142.6,65,5,6d9f5cb5cca65335e7bc9cb36628b6a0757b065f0801af44961157c5ef304322
ftg_adoption_05,False,0,,72.35,0,0,0,0,0,-72.35,35,10,baceaba409892cdcb31d8f84f58dd0468df19a8316adee7ff8d8c921cac4925f
ftg_adoption_06,False,0,,72.05,0,0,0,0,1,-172.05,45,10,447873b4e9c1ecee3953005161ff75f59d499ef2f5cbf49f0481437d3afab6a3
ftg_adoption_07,False,0,,112.55,0,1,0,0,0,-132.55,55,10,c387c0377333ab8fdc680d5d1e87a1064e8caa7272e7a4013c3db3c91c2a17e5
ftg_adoption_08,False,0,,112.6,0,1,1,0,0,-142.6,65,10,fbc8afa65f5b0451494c2f0132df547a9742a0df6e9f8cc3235ba8aad992f2b0
ftg_adoption_09,False,0,,112.6,0,1,1,0,0,-142.6,85,10,826970ba7124621ec07e51f607ee6b1501e5239337f9fe947bd067e90bb49089
ftg_adoption_10,False,0,,107.158333,1,1,0,0,0,-627.158333,45,20,344d8181a851dade085a60074eb3ec6fd6208e7510dbd2e60cc88f3999014d58
ftg_adoption_11,False,0,,112.55,0,1,0,0,0,-132.55,55,20,1da73e7d4e385f98c81a620c055b7733bcef934e7f4c042d2e3bc2f9779bb70f
ftg_adoption_12,False,0,,112.6,0,1,1,0,0,-142.6,65,20,300e8671a501b1aeace4f331bd8afb1a78bf49f5409f0d37bd77f4949dea9392
ftg_adoption_13,True,3,395.417102,395.45,0,0,9,0,0,514.55,65,1,ca2cc40eab9bd270ee9d1b71ecaeb9e99a7419392d6c19c540ce12512090e195
ftg_adoption_14,True,3,395.417102,395.45,0,0,9,0,0,514.55,85,1,d4576a481a8d141be31896ada63a3da128cdf645f3fc816d286e28a2fd9595a8
ftg_adoption_15,True,3,395.417102,395.45,0,0,9,0,0,514.55,100,1,67b07884beeecd6d232fb7d33212fe61940324bd220c78b320b206fcc3a257e7
ftg_adoption_16,True,3,395.417102,395.45,0,0,9,0,0,514.55,65,3,03f0333500b0f064ddd256a79e5853915e797283bf4c85ae44e36bb66421e619
ftg_adoption_17,True,3,395.417102,395.45,0,0,9,0,0,514.55,85,3,f6742d80b3bff631dfff80bee76b0d5bdf820abee2e2c8b1ad3295ae48fc90d5
ftg_adoption_18,True,3,395.417102,395.45,0,0,9,0,0,514.55,100,3,ec4ee501be786781bddadc75abcae41a72c630b6c434bd08c0f13d8bef6896a3
ftg_adoption_19,True,3,395.417102,395.45,0,0,9,0,0,514.55,65,5,416f819fb06c303958ed6d6135b769b18b868b072b55ed7e9af7c95ec1f67484
ftg_adoption_20,True,3,395.417102,395.45,0,0,9,0,0,514.55,85,5,63321d1b744084640551f52340f62f1d140c25b3b9de67651d4bee765d384530
ftg_adoption_21,True,3,395.417102,395.45,0,0,9,0,0,514.55,100,5,06be41ce660968fc42794736b5e2053cd93f4f9aa0245031314fa64e870f9cec
ftg_adoption_22,True,3,395.417102,395.45,0,0,9,0,0,514.55,65,10,2ac2cf3435916dfa6ee6bd653406ebd133d71a4b6575c7c988a027c8dc668d8e
ftg_adoption_23,True,3,395.417102,395.45,0,0,9,0,0,514.55,85,10,bd40a61e91acb586907194886d8be08ecce6816671f4604fd82666181a37c5c2
ftg_adoption_24,True,3,395.417102,395.45,0,0,9,0,0,514.55,100,10,a16747858b73b85beb0d734b15d561b05952751cf89c855c593b2068abdcfbe2
